pairing,Conservative,Labour,Liberal Democrat,Democratic Unionist Party,Alliance,Social Democratic & Labour Party,Sinn Fein,Ulster Unionist Party,Scottish National Party,Green,Plaid Cymru,Brexit party
1,2,0,0,0,0,0,0,0,0,0,0,0
2,2,0,0,0,0,0,0,0,0,0,0,0
3,2,0,0,0,0,0,0,0,0,0,0,0
4,2,0,0,0,0,0,0,0,0,0,0,0
5,1,1,0,0,0,0,0,0,0,0,0,0
6,1,1,0,0,0,0,0,0,0,0,0,0
7,2,0,0,0,0,0,0,0,0,0,0,0
8,2,0,0,0,0,0,0,0,0,0,0,0
9,2,0,0,0,0,0,0,0,0,0,0,0
10,1,0,1,0,0,0,0,0,0,0,0,0
11,2,0,0,0,0,0,0,0,0,0,0,0
12,2,0,0,0,0,0,0,0,0,0,0,0
13,2,0,0,0,0,0,0,0,0,0,0,0
14,2,0,0,0,0,0,0,0,0,0,0,0
15,2,0,0,0,0,0,0,0,0,0,0,0
16,2,0,0,0,0,0,0,0,0,0,0,0
17,2,0,0,0,0,0,0,0,0,0,0,0
18,1,1,0,0,0,0,0,0,0,0,0,0
19,1,1,0,0,0,0,0,0,0,0,0,0
20,1,1,0,0,0,0,0,0,0,0,0,0
21,1,1,0,0,0,0,0,0,0,0,0,0
22,1,0,1,0,0,0,0,0,0,0,0,0
23,1,1,0,0,0,0,0,0,0,0,0,0
24,1,1,0,0,0,0,0,0,0,0,0,0
25,1,1,0,0,0,0,0,0,0,0,0,0
26,1,1,0,0,0,0,0,0,0,0,0,0
27,1,1,0,0,0,0,0,0,0,0,0,0
28,1,1,0,0,0,0,0,0,0,0,0,0
29,1,1,0,0,0,0,0,0,0,0,0,0
30,2,0,0,0,0,0,0,0,0,0,0,0
31,1,1,0,0,0,0,0,0,0,0,0,0
32,2,0,0,0,0,0,0,0,0,0,0,0
33,2,0,0,0,0,0,0,0,0,0,0,0
34,1,0,1,0,0,0,0,0,0,0,0,0
35,1,0,1,0,0,0,0,0,0,0,0,0
36,2,0,0,0,0,0,0,0,0,0,0,0
37,2,0,0,0,0,0,0,0,0,0,0,0
38,2,0,0,0,0,0,0,0,0,0,0,0
39,1,1,0,0,0,0,0,0,0,0,0,0
40,1,1,0,0,0,0,0,0,0,0,0,0
41,2,0,0,0,0,0,0,0,0,0,0,0
42,1,1,0,0,0,0,0,0,0,0,0,0
43,1,1,0,0,0,0,0,0,0,0,0,0
44,2,0,0,0,0,0,0,0,0,0,0,0
45,1,0,1,0,0,0,0,0,0,0,0,0
46,2,0,0,0,0,0,0,0,0,0,0,0
47,1,1,0,0,0,0,0,0,0,0,0,0
48,1,1,0,0,0,0,0,0,0,0,0,0
49,1,1,0,0,0,0,0,0,0,0,0,0
50,2,0,0,0,0,0,0,0,0,0,0,0
51,1,1,0,0,0,0,0,0,0,0,0,0
52,1,1,0,0,0,0,0,0,0,0,0,0
53,2,0,0,0,0,0,0,0,0,0,0,0
54,1,1,0,0,0,0,0,0,0,0,0,0
55,2,0,0,0,0,0,0,0,0,0,0,0
56,1,0,1,0,0,0,0,0,0,0,0,0
57,1,1,0,0,0,0,0,0,0,0,0,0
58,1,1,0,0,0,0,0,0,0,0,0,0
59,1,1,0,0,0,0,0,0,0,0,0,0
60,1,0,1,0,0,0,0,0,0,0,0,0
61,1,1,0,0,0,0,0,0,0,0,0,0
62,1,1,0,0,0,0,0,0,0,0,0,0
63,1,1,0,0,0,0,0,0,0,0,0,0
64,1,0,1,0,0,0,0,0,0,0,0,0
65,1,1,0,0,0,0,0,0,0,0,0,0
66,2,0,0,0,0,0,0,0,0,0,0,0
67,1,1,0,0,0,0,0,0,0,0,0,0
68,1,0,1,0,0,0,0,0,0,0,0,0
69,1,1,0,0,0,0,0,0,0,0,0,0
70,1,1,0,0,0,0,0,0,0,0,0,0
71,1,1,0,0,0,0,0,0,0,0,0,0
72,1,0,1,0,0,0,0,0,0,0,0,0
73,1,0,1,0,0,0,0,0,0,0,0,0
74,1,0,1,0,0,0,0,0,0,0,0,0
75,1,0,1,0,0,0,0,0,0,0,0,0
76,1,1,0,0,0,0,0,0,0,0,0,0
77,1,0,1,0,0,0,0,0,0,0,0,0
78,1,1,0,0,0,0,0,0,0,0,0,0
79,1,1,0,0,0,0,0,0,0,0,0,0
80,1,1,0,0,0,0,0,0,0,0,0,0
81,1,1,0,0,0,0,0,0,0,0,0,0
82,1,1,0,0,0,0,0,0,0,0,0,0
83,1,1,0,0,0,0,0,0,0,0,0,0
84,1,1,0,0,0,0,0,0,0,0,0,0
85,2,0,0,0,0,0,0,0,0,0,0,0
86,2,0,0,0,0,0,0,0,0,0,0,0
87,2,0,0,0,0,0,0,0,0,0,0,0
88,1,1,0,0,0,0,0,0,0,0,0,0
89,1,1,0,0,0,0,0,0,0,0,0,0
90,1,1,0,0,0,0,0,0,0,0,0,0
91,2,0,0,0,0,0,0,0,0,0,0,0
92,1,1,0,0,0,0,0,0,0,0,0,0
93,1,1,0,0,0,0,0,0,0,0,0,0
94,1,1,0,0,0,0,0,0,0,0,0,0
95,1,1,0,0,0,0,0,0,0,0,0,0
96,1,1,0,0,0,0,0,0,0,0,0,0
97,1,1,0,0,0,0,0,0,0,0,0,0
98,2,0,0,0,0,0,0,0,0,0,0,0
99,1,0,1,0,0,0,0,0,0,0,0,0
100,1,0,1,0,0,0,0,0,0,0,0,0
101,2,0,0,0,0,0,0,0,0,0,0,0
102,2,0,0,0,0,0,0,0,0,0,0,0
103,1,1,0,0,0,0,0,0,0,0,0,0
104,1,0,1,0,0,0,0,0,0,0,0,0
105,2,0,0,0,0,0,0,0,0,0,0,0
106,1,0,1,0,0,0,0,0,0,0,0,0
107,2,0,0,0,0,0,0,0,0,0,0,0
108,2,0,0,0,0,0,0,0,0,0,0,0
109,1,0,1,0,0,0,0,0,0,0,0,0
110,1,1,0,0,0,0,0,0,0,0,0,0
111,1,1,0,0,0,0,0,0,0,0,0,0
112,1,1,0,0,0,0,0,0,0,0,0,0
113,2,0,0,0,0,0,0,0,0,0,0,0
114,2,0,0,0,0,0,0,0,0,0,0,0
115,1,1,0,0,0,0,0,0,0,0,0,0
116,1,0,1,0,0,0,0,0,0,0,0,0
117,1,0,1,0,0,0,0,0,0,0,0,0
118,2,0,0,0,0,0,0,0,0,0,0,0
119,1,1,0,0,0,0,0,0,0,0,0,0
120,1,1,0,0,0,0,0,0,0,0,0,0
121,2,0,0,0,0,0,0,0,0,0,0,0
122,1,1,0,0,0,0,0,0,0,0,0,0
123,2,0,0,0,0,0,0,0,0,0,0,0
124,1,1,0,0,0,0,0,0,0,0,0,0
125,1,0,1,0,0,0,0,0,0,0,0,0
126,1,0,1,0,0,0,0,0,0,0,0,0
127,1,0,1,0,0,0,0,0,0,0,0,0
128,1,0,1,0,0,0,0,0,0,0,0,0
129,1,1,0,0,0,0,0,0,0,0,0,0
130,1,1,0,0,0,0,0,0,0,0,0,0
131,1,1,0,0,0,0,0,0,0,0,0,0
132,1,1,0,0,0,0,0,0,0,0,0,0
133,1,1,0,0,0,0,0,0,0,0,0,0
134,1,1,0,0,0,0,0,0,0,0,0,0
135,1,1,0,0,0,0,0,0,0,0,0,0
136,1,1,0,0,0,0,0,0,0,0,0,0
137,1,1,0,0,0,0,0,0,0,0,0,0
138,1,1,0,0,0,0,0,0,0,0,0,0
139,1,1,0,0,0,0,0,0,0,0,0,0
140,1,1,0,0,0,0,0,0,0,0,0,0
141,2,0,0,0,0,0,0,0,0,0,0,0
142,2,0,0,0,0,0,0,0,0,0,0,0
143,2,0,0,0,0,0,0,0,0,0,0,0
144,2,0,0,0,0,0,0,0,0,0,0,0
145,2,0,0,0,0,0,0,0,0,0,0,0
146,2,0,0,0,0,0,0,0,0,0,0,0
147,1,1,0,0,0,0,0,0,0,0,0,0
148,1,1,0,0,0,0,0,0,0,0,0,0
149,1,1,0,0,0,0,0,0,0,0,0,0
150,1,1,0,0,0,0,0,0,0,0,0,0
151,1,1,0,0,0,0,0,0,0,0,0,0
152,1,1,0,0,0,0,0,0,0,0,0,0
153,1,1,0,0,0,0,0,0,0,0,0,0
154,1,1,0,0,0,0,0,0,0,0,0,0
155,1,1,0,0,0,0,0,0,0,0,0,0
156,1,1,0,0,0,0,0,0,0,0,0,0
157,1,1,0,0,0,0,0,0,0,0,0,0
158,1,1,0,0,0,0,0,0,0,0,0,0
159,1,1,0,0,0,0,0,0,0,0,0,0
160,1,1,0,0,0,0,0,0,0,0,0,0
161,1,1,0,0,0,0,0,0,0,0,0,0
162,1,1,0,0,0,0,0,0,0,0,0,0
163,1,1,0,0,0,0,0,0,0,0,0,0
164,2,0,0,0,0,0,0,0,0,0,0,0
165,1,1,0,0,0,0,0,0,0,0,0,0
166,1,1,0,0,0,0,0,0,0,0,0,0
167,1,1,0,0,0,0,0,0,0,0,0,0
168,1,1,0,0,0,0,0,0,0,0,0,0
169,1,1,0,0,0,0,0,0,0,0,0,0
170,1,1,0,0,0,0,0,0,0,0,0,0
171,1,1,0,0,0,0,0,0,0,0,0,0
172,1,1,0,0,0,0,0,0,0,0,0,0
173,1,1,0,0,0,0,0,0,0,0,0,0
174,1,1,0,0,0,0,0,0,0,0,0,0
175,2,0,0,0,0,0,0,0,0,0,0,0
176,2,0,0,0,0,0,0,0,0,0,0,0
177,1,1,0,0,0,0,0,0,0,0,0,0
178,1,1,0,0,0,0,0,0,0,0,0,0
179,1,1,0,0,0,0,0,0,0,0,0,0
180,1,1,0,0,0,0,0,0,0,0,0,0
181,1,1,0,0,0,0,0,0,0,0,0,0
182,1,1,0,0,0,0,0,0,0,0,0,0
183,1,1,0,0,0,0,0,0,0,0,0,0
184,1,1,0,0,0,0,0,0,0,0,0,0
185,1,1,0,0,0,0,0,0,0,0,0,0
186,1,1,0,0,0,0,0,0,0,0,0,0
187,1,1,0,0,0,0,0,0,0,0,0,0
188,1,1,0,0,0,0,0,0,0,0,0,0
189,1,1,0,0,0,0,0,0,0,0,0,0
190,1,1,0,0,0,0,0,0,0,0,0,0
191,1,1,0,0,0,0,0,0,0,0,0,0
192,1,1,0,0,0,0,0,0,0,0,0,0
193,2,0,0,0,0,0,0,0,0,0,0,0
194,1,1,0,0,0,0,0,0,0,0,0,0
195,2,0,0,0,0,0,0,0,0,0,0,0
196,1,1,0,0,0,0,0,0,0,0,0,0
197,1,1,0,0,0,0,0,0,0,0,0,0
198,1,1,0,0,0,0,0,0,0,0,0,0
199,1,1,0,0,0,0,0,0,0,0,0,0
200,1,1,0,0,0,0,0,0,0,0,0,0
201,2,0,0,0,0,0,0,0,0,0,0,0
202,2,0,0,0,0,0,0,0,0,0,0,0
203,2,0,0,0,0,0,0,0,0,0,0,0
204,1,1,0,0,0,0,0,0,0,0,0,0
205,1,1,0,0,0,0,0,0,0,0,0,0
206,1,1,0,0,0,0,0,0,0,0,0,0
207,1,1,0,0,0,0,0,0,0,0,0,0
208,1,1,0,0,0,0,0,0,0,0,0,0
209,1,1,0,0,0,0,0,0,0,0,0,0
210,1,1,0,0,0,0,0,0,0,0,0,0
211,1,1,0,0,0,0,0,0,0,0,0,0
212,1,1,0,0,0,0,0,0,0,0,0,0
213,1,1,0,0,0,0,0,0,0,0,0,0
214,1,1,0,0,0,0,0,0,0,0,0,0
215,1,1,0,0,0,0,0,0,0,0,0,0
216,1,1,0,0,0,0,0,0,0,0,0,0
217,1,1,0,0,0,0,0,0,0,0,0,0
218,1,1,0,0,0,0,0,0,0,0,0,0
219,1,1,0,0,0,0,0,0,0,0,0,0
220,1,1,0,0,0,0,0,0,0,0,0,0
221,2,0,0,0,0,0,0,0,0,0,0,0
222,1,1,0,0,0,0,0,0,0,0,0,0
223,1,1,0,0,0,0,0,0,0,0,0,0
224,1,1,0,0,0,0,0,0,0,0,0,0
225,2,0,0,0,0,0,0,0,0,0,0,0
226,1,1,0,0,0,0,0,0,0,0,0,0
227,2,0,0,0,0,0,0,0,0,0,0,0
228,1,1,0,0,0,0,0,0,0,0,0,0
229,1,1,0,0,0,0,0,0,0,0,0,0
230,1,1,0,0,0,0,0,0,0,0,0,0
231,1,1,0,0,0,0,0,0,0,0,0,0
232,1,1,0,0,0,0,0,0,0,0,0,0
233,1,1,0,0,0,0,0,0,0,0,0,0
234,1,1,0,0,0,0,0,0,0,0,0,0
235,1,1,0,0,0,0,0,0,0,0,0,0
236,1,1,0,0,0,0,0,0,0,0,0,0
237,1,1,0,0,0,0,0,0,0,0,0,0
238,1,1,0,0,0,0,0,0,0,0,0,0
239,2,0,0,0,0,0,0,0,0,0,0,0
240,2,0,0,0,0,0,0,0,0,0,0,0
241,1,1,0,0,0,0,0,0,0,0,0,0
242,1,1,0,0,0,0,0,0,0,0,0,0
243,0,2,0,0,0,0,0,0,0,0,0,0
244,1,1,0,0,0,0,0,0,0,0,0,0
245,1,1,0,0,0,0,0,0,0,0,0,0
246,1,1,0,0,0,0,0,0,0,0,0,0
247,1,1,0,0,0,0,0,0,0,0,0,0
248,1,1,0,0,0,0,0,0,0,0,0,0
249,1,1,0,0,0,0,0,0,0,0,0,0
250,1,1,0,0,0,0,0,0,0,0,0,0
251,1,1,0,0,0,0,0,0,0,0,0,0
252,1,1,0,0,0,0,0,0,0,0,0,0
253,1,1,0,0,0,0,0,0,0,0,0,0
254,0,2,0,0,0,0,0,0,0,0,0,0
255,0,2,0,0,0,0,0,0,0,0,0,0
256,0,1,1,0,0,0,0,0,0,0,0,0
257,1,1,0,0,0,0,0,0,0,0,0,0
258,0,2,0,0,0,0,0,0,0,0,0,0
259,0,2,0,0,0,0,0,0,0,0,0,0
260,0,2,0,0,0,0,0,0,0,0,0,0
261,1,1,0,0,0,0,0,0,0,0,0,0
262,1,1,0,0,0,0,0,0,0,0,0,0
263,1,1,0,0,0,0,0,0,0,0,0,0
264,1,1,0,0,0,0,0,0,0,0,0,0
265,1,1,0,0,0,0,0,0,0,0,0,0
266,1,1,0,0,0,0,0,0,0,0,0,0
267,1,1,0,0,0,0,0,0,0,0,0,0
268,1,1,0,0,0,0,0,0,0,0,0,0
269,1,1,0,0,0,0,0,0,0,0,0,0
270,1,1,0,0,0,0,0,0,0,0,0,0
271,1,1,0,0,0,0,0,0,0,0,0,0
272,1,1,0,0,0,0,0,0,0,0,0,0
273,1,1,0,0,0,0,0,0,0,0,0,0
274,1,1,0,0,0,0,0,0,0,0,0,0
275,1,1,0,0,0,0,0,0,0,0,0,0
276,1,1,0,0,0,0,0,0,0,0,0,0
277,1,1,0,0,0,0,0,0,0,0,0,0
278,1,1,0,0,0,0,0,0,0,0,0,0
279,1,0,1,0,0,0,0,0,0,0,0,0
280,1,1,0,0,0,0,0,0,0,0,0,0
281,1,1,0,0,0,0,0,0,0,0,0,0
282,1,1,0,0,0,0,0,0,0,0,0,0
283,1,1,0,0,0,0,0,0,0,0,0,0
284,1,1,0,0,0,0,0,0,0,0,0,0
285,0,2,0,0,0,0,0,0,0,0,0,0
286,0,2,0,0,0,0,0,0,0,0,0,0
287,0,2,0,0,0,0,0,0,0,0,0,0
288,0,2,0,0,0,0,0,0,0,0,0,0
289,1,1,0,0,0,0,0,0,0,0,0,0
290,1,0,1,0,0,0,0,0,0,0,0,0
291,1,1,0,0,0,0,0,0,0,0,0,0
292,1,0,1,0,0,0,0,0,0,0,0,0
293,1,0,1,0,0,0,0,0,0,0,0,0
294,1,1,0,0,0,0,0,0,0,0,0,0
295,1,1,0,0,0,0,0,0,0,0,0,0
296,1,1,0,0,0,0,0,0,0,0,0,0
297,1,1,0,0,0,0,0,0,0,0,0,0
298,1,1,0,0,0,0,0,0,0,0,0,0
299,1,1,0,0,0,0,0,0,0,0,0,0
300,1,1,0,0,0,0,0,0,0,0,0,0
301,1,1,0,0,0,0,0,0,0,0,0,0
302,1,1,0,0,0,0,0,0,0,0,0,0
303,1,1,0,0,0,0,0,0,0,0,0,0
304,1,1,0,0,0,0,0,0,0,0,0,0
305,1,1,0,0,0,0,0,0,0,0,0,0
306,1,1,0,0,0,0,0,0,0,0,0,0
307,1,1,0,0,0,0,0,0,0,0,0,0
308,1,1,0,0,0,0,0,0,0,0,0,0
309,1,1,0,0,0,0,0,0,0,0,0,0
310,1,1,0,0,0,0,0,0,0,0,0,0
311,1,1,0,0,0,0,0,0,0,0,0,0
312,1,1,0,0,0,0,0,0,0,0,0,0
313,1,1,0,0,0,0,0,0,0,0,0,0
314,1,1,0,0,0,0,0,0,0,0,0,0
315,0,2,0,0,0,0,0,0,0,0,0,0
316,0,2,0,0,0,0,0,0,0,0,0,0
317,1,1,0,0,0,0,0,0,0,0,0,0
318,0,2,0,0,0,0,0,0,0,0,0,0
319,1,1,0,0,0,0,0,0,0,0,0,0
320,1,1,0,0,0,0,0,0,0,0,0,0
321,1,1,0,0,0,0,0,0,0,0,0,0
322,1,1,0,0,0,0,0,0,0,0,0,0
323,0,2,0,0,0,0,0,0,0,0,0,0
324,0,2,0,0,0,0,0,0,0,0,0,0
325,0,2,0,0,0,0,0,0,0,0,0,0
326,1,1,0,0,0,0,0,0,0,0,0,0
327,1,1,0,0,0,0,0,0,0,0,0,0
328,1,1,0,0,0,0,0,0,0,0,0,0
329,1,1,0,0,0,0,0,0,0,0,0,0
330,1,1,0,0,0,0,0,0,0,0,0,0
331,1,1,0,0,0,0,0,0,0,0,0,0
332,1,1,0,0,0,0,0,0,0,0,0,0
333,1,1,0,0,0,0,0,0,0,0,0,0
334,1,1,0,0,0,0,0,0,0,0,0,0
335,0,2,0,0,0,0,0,0,0,0,0,0
336,0,2,0,0,0,0,0,0,0,0,0,0
337,0,2,0,0,0,0,0,0,0,0,0,0
338,1,1,0,0,0,0,0,0,0,0,0,0
339,1,1,0,0,0,0,0,0,0,0,0,0
340,1,1,0,0,0,0,0,0,0,0,0,0
341,1,1,0,0,0,0,0,0,0,0,0,0
342,1,1,0,0,0,0,0,0,0,0,0,0
343,1,1,0,0,0,0,0,0,0,0,0,0
344,1,1,0,0,0,0,0,0,0,0,0,0
345,1,1,0,0,0,0,0,0,0,0,0,0
346,1,1,0,0,0,0,0,0,0,0,0,0
347,1,1,0,0,0,0,0,0,0,0,0,0
348,1,1,0,0,0,0,0,0,0,0,0,0
349,0,2,0,0,0,0,0,0,0,0,0,0
350,0,2,0,0,0,0,0,0,0,0,0,0
351,1,1,0,0,0,0,0,0,0,0,0,0
352,1,0,1,0,0,0,0,0,0,0,0,0
353,1,1,0,0,0,0,0,0,0,0,0,0
354,1,1,0,0,0,0,0,0,0,0,0,0
355,0,1,1,0,0,0,0,0,0,0,0,0
356,1,1,0,0,0,0,0,0,0,0,0,0
357,1,1,0,0,0,0,0,0,0,0,0,0
358,0,2,0,0,0,0,0,0,0,0,0,0
359,0,2,0,0,0,0,0,0,0,0,0,0
360,0,2,0,0,0,0,0,0,0,0,0,0
361,0,2,0,0,0,0,0,0,0,0,0,0
362,0,2,0,0,0,0,0,0,0,0,0,0
363,0,2,0,0,0,0,0,0,0,0,0,0
364,0,2,0,0,0,0,0,0,0,0,0,0
365,0,2,0,0,0,0,0,0,0,0,0,0
366,0,2,0,0,0,0,0,0,0,0,0,0
367,0,2,0,0,0,0,0,0,0,0,0,0
368,1,1,0,0,0,0,0,0,0,0,0,0
369,1,1,0,0,0,0,0,0,0,0,0,0
370,1,1,0,0,0,0,0,0,0,0,0,0
371,1,1,0,0,0,0,0,0,0,0,0,0
372,1,1,0,0,0,0,0,0,0,0,0,0
373,1,1,0,0,0,0,0,0,0,0,0,0
374,1,1,0,0,0,0,0,0,0,0,0,0
375,1,1,0,0,0,0,0,0,0,0,0,0
376,1,1,0,0,0,0,0,0,0,0,0,0
377,1,1,0,0,0,0,0,0,0,0,0,0
378,0,2,0,0,0,0,0,0,0,0,0,0
379,0,2,0,0,0,0,0,0,0,0,0,0
380,0,2,0,0,0,0,0,0,0,0,0,0
381,1,1,0,0,0,0,0,0,0,0,0,0
382,1,1,0,0,0,0,0,0,0,0,0,0
383,0,1,1,0,0,0,0,0,0,0,0,0
384,0,2,0,0,0,0,0,0,0,0,0,0
385,1,1,0,0,0,0,0,0,0,0,0,0
386,1,1,0,0,0,0,0,0,0,0,0,0
387,1,1,0,0,0,0,0,0,0,0,0,0
388,1,0,1,0,0,0,0,0,0,0,0,0
389,1,0,1,0,0,0,0,0,0,0,0,0
390,1,0,1,0,0,0,0,0,0,0,0,0
391,1,0,1,0,0,0,0,0,0,0,0,0
392,1,1,0,0,0,0,0,0,0,0,0,0
393,0,2,0,0,0,0,0,0,0,0,0,0
394,0,2,0,0,0,0,0,0,0,0,0,0
395,0,2,0,0,0,0,0,0,0,0,0,0
396,0,2,0,0,0,0,0,0,0,0,0,0
397,0,2,0,0,0,0,0,0,0,0,0,0
398,1,1,0,0,0,0,0,0,0,0,0,0
399,0,2,0,0,0,0,0,0,0,0,0,0
400,0,2,0,0,0,0,0,0,0,0,0,0
401,1,1,0,0,0,0,0,0,0,0,0,0
402,1,1,0,0,0,0,0,0,0,0,0,0
403,1,1,0,0,0,0,0,0,0,0,0,0
404,1,1,0,0,0,0,0,0,0,0,0,0
405,2,0,0,0,0,0,0,0,0,0,0,0
406,0,2,0,0,0,0,0,0,0,0,0,0
407,1,0,1,0,0,0,0,0,0,0,0,0
408,1,1,0,0,0,0,0,0,0,0,0,0
409,1,1,0,0,0,0,0,0,0,0,0,0
410,1,0,1,0,0,0,0,0,0,0,0,0
411,1,0,1,0,0,0,0,0,0,0,0,0
412,1,1,0,0,0,0,0,0,0,0,0,0
413,0,1,1,0,0,0,0,0,0,0,0,0
414,1,1,0,0,0,0,0,0,0,0,0,0
415,1,0,1,0,0,0,0,0,0,0,0,0
416,0,2,0,0,0,0,0,0,0,0,0,0
417,1,1,0,0,0,0,0,0,0,0,0,0
418,1,1,0,0,0,0,0,0,0,0,0,0
419,1,1,0,0,0,0,0,0,0,0,0,0
420,1,1,0,0,0,0,0,0,0,0,0,0
421,1,1,0,0,0,0,0,0,0,0,0,0
422,1,1,0,0,0,0,0,0,0,0,0,0
423,1,1,0,0,0,0,0,0,0,0,0,0
424,1,1,0,0,0,0,0,0,0,0,0,0
425,1,1,0,0,0,0,0,0,0,0,0,0
426,1,1,0,0,0,0,0,0,0,0,0,0
427,1,1,0,0,0,0,0,0,0,0,0,0
428,1,1,0,0,0,0,0,0,0,0,0,0
429,1,1,0,0,0,0,0,0,0,0,0,0
430,1,1,0,0,0,0,0,0,0,0,0,0
431,1,1,0,0,0,0,0,0,0,0,0,0
432,1,1,0,0,0,0,0,0,0,0,0,0
433,1,1,0,0,0,0,0,0,0,0,0,0
434,1,1,0,0,0,0,0,0,0,0,0,0
435,1,1,0,0,0,0,0,0,0,0,0,0
436,1,1,0,0,0,0,0,0,0,0,0,0
437,1,1,0,0,0,0,0,0,0,0,0,0
438,1,1,0,0,0,0,0,0,0,0,0,0
439,1,1,0,0,0,0,0,0,0,0,0,0
440,1,1,0,0,0,0,0,0,0,0,0,0
441,1,1,0,0,0,0,0,0,0,0,0,0
442,1,1,0,0,0,0,0,0,0,0,0,0
443,1,1,0,0,0,0,0,0,0,0,0,0
444,1,1,0,0,0,0,0,0,0,0,0,0
445,1,1,0,0,0,0,0,0,0,0,0,0
446,1,1,0,0,0,0,0,0,0,0,0,0
447,1,1,0,0,0,0,0,0,0,0,0,0
448,1,1,0,0,0,0,0,0,0,0,0,0
449,1,1,0,0,0,0,0,0,0,0,0,0
450,1,1,0,0,0,0,0,0,0,0,0,0
451,1,1,0,0,0,0,0,0,0,0,0,0
452,1,1,0,0,0,0,0,0,0,0,0,0
453,1,1,0,0,0,0,0,0,0,0,0,0
454,1,1,0,0,0,0,0,0,0,0,0,0
455,1,1,0,0,0,0,0,0,0,0,0,0
456,1,1,0,0,0,0,0,0,0,0,0,0
457,1,1,0,0,0,0,0,0,0,0,0,0
458,1,1,0,0,0,0,0,0,0,0,0,0
459,1,1,0,0,0,0,0,0,0,0,0,0
460,1,1,0,0,0,0,0,0,0,0,0,0
461,1,1,0,0,0,0,0,0,0,0,0,0
462,1,1,0,0,0,0,0,0,0,0,0,0
463,1,1,0,0,0,0,0,0,0,0,0,0
464,1,1,0,0,0,0,0,0,0,0,0,0
465,1,1,0,0,0,0,0,0,0,0,0,0
466,1,1,0,0,0,0,0,0,0,0,0,0
467,1,1,0,0,0,0,0,0,0,0,0,0
468,1,1,0,0,0,0,0,0,0,0,0,0
469,1,1,0,0,0,0,0,0,0,0,0,0
470,1,1,0,0,0,0,0,0,0,0,0,0
471,1,1,0,0,0,0,0,0,0,0,0,0
472,1,1,0,0,0,0,0,0,0,0,0,0
473,1,1,0,0,0,0,0,0,0,0,0,0
474,1,1,0,0,0,0,0,0,0,0,0,0
475,1,0,1,0,0,0,0,0,0,0,0,0
476,0,2,0,0,0,0,0,0,0,0,0,0
477,1,1,0,0,0,0,0,0,0,0,0,0
478,1,1,0,0,0,0,0,0,0,0,0,0
479,1,1,0,0,0,0,0,0,0,0,0,0
480,1,1,0,0,0,0,0,0,0,0,0,0
481,1,1,0,0,0,0,0,0,0,0,0,0
482,1,1,0,0,0,0,0,0,0,0,0,0
483,1,1,0,0,0,0,0,0,0,0,0,0
484,0,2,0,0,0,0,0,0,0,0,0,0
485,1,1,0,0,0,0,0,0,0,0,0,0
486,1,1,0,0,0,0,0,0,0,0,0,0
487,1,1,0,0,0,0,0,0,0,0,0,0
488,1,1,0,0,0,0,0,0,0,0,0,0
489,1,1,0,0,0,0,0,0,0,0,0,0
490,1,1,0,0,0,0,0,0,0,0,0,0
491,1,1,0,0,0,0,0,0,0,0,0,0
492,1,1,0,0,0,0,0,0,0,0,0,0
493,1,1,0,0,0,0,0,0,0,0,0,0
494,1,1,0,0,0,0,0,0,0,0,0,0
495,1,1,0,0,0,0,0,0,0,0,0,0
496,1,1,0,0,0,0,0,0,0,0,0,0
497,1,1,0,0,0,0,0,0,0,0,0,0
498,1,1,0,0,0,0,0,0,0,0,0,0
499,1,1,0,0,0,0,0,0,0,0,0,0
500,1,1,0,0,0,0,0,0,0,0,0,0
501,1,1,0,0,0,0,0,0,0,0,0,0
502,1,1,0,0,0,0,0,0,0,0,0,0
503,1,1,0,0,0,0,0,0,0,0,0,0
504,1,1,0,0,0,0,0,0,0,0,0,0
505,1,1,0,0,0,0,0,0,0,0,0,0
506,0,2,0,0,0,0,0,0,0,0,0,0
507,0,2,0,0,0,0,0,0,0,0,0,0
508,0,2,0,0,0,0,0,0,0,0,0,0
509,1,1,0,0,0,0,0,0,0,0,0,0
510,1,1,0,0,0,0,0,0,0,0,0,0
511,1,1,0,0,0,0,0,0,0,0,0,0
512,1,1,0,0,0,0,0,0,0,0,0,0
513,1,1,0,0,0,0,0,0,0,0,0,0
514,1,1,0,0,0,0,0,0,0,0,0,0
515,1,1,0,0,0,0,0,0,0,0,0,0
516,1,1,0,0,0,0,0,0,0,0,0,0
517,1,1,0,0,0,0,0,0,0,0,0,0
518,1,1,0,0,0,0,0,0,0,0,0,0
519,1,1,0,0,0,0,0,0,0,0,0,0
520,1,1,0,0,0,0,0,0,0,0,0,0
521,1,1,0,0,0,0,0,0,0,0,0,0
522,1,1,0,0,0,0,0,0,0,0,0,0
523,1,1,0,0,0,0,0,0,0,0,0,0
524,1,1,0,0,0,0,0,0,0,0,0,0
525,1,1,0,0,0,0,0,0,0,0,0,0
526,1,1,0,0,0,0,0,0,0,0,0,0
527,1,1,0,0,0,0,0,0,0,0,0,0
528,1,1,0,0,0,0,0,0,0,0,0,0
529,1,1,0,0,0,0,0,0,0,0,0,0
530,1,0,1,0,0,0,0,0,0,0,0,0
531,1,0,1,0,0,0,0,0,0,0,0,0
532,1,1,0,0,0,0,0,0,0,0,0,0
533,1,1,0,0,0,0,0,0,0,0,0,0
534,1,0,1,0,0,0,0,0,0,0,0,0
535,1,1,0,0,0,0,0,0,0,0,0,0
536,1,1,0,0,0,0,0,0,0,0,0,0
537,1,1,0,0,0,0,0,0,0,0,0,0
538,1,1,0,0,0,0,0,0,0,0,0,0
539,1,1,0,0,0,0,0,0,0,0,0,0
540,1,1,0,0,0,0,0,0,0,0,0,0
541,1,1,0,0,0,0,0,0,0,0,0,0
542,1,1,0,0,0,0,0,0,0,0,0,0
543,1,1,0,0,0,0,0,0,0,0,0,0
544,1,0,1,0,0,0,0,0,0,0,0,0
545,1,1,0,0,0,0,0,0,0,0,0,0
546,1,1,0,0,0,0,0,0,0,0,0,0
547,1,1,0,0,0,0,0,0,0,0,0,0
548,0,2,0,0,0,0,0,0,0,0,0,0
549,1,1,0,0,0,0,0,0,0,0,0,0
550,1,1,0,0,0,0,0,0,0,0,0,0
551,1,1,0,0,0,0,0,0,0,0,0,0
552,1,1,0,0,0,0,0,0,0,0,0,0
553,1,1,0,0,0,0,0,0,0,0,0,0
554,1,1,0,0,0,0,0,0,0,0,0,0
555,1,1,0,0,0,0,0,0,0,0,0,0
556,1,1,0,0,0,0,0,0,0,0,0,0
557,1,1,0,0,0,0,0,0,0,0,0,0
558,0,2,0,0,0,0,0,0,0,0,0,0
559,0,2,0,0,0,0,0,0,0,0,0,0
560,0,2,0,0,0,0,0,0,0,0,0,0
561,0,2,0,0,0,0,0,0,0,0,0,0
562,0,2,0,0,0,0,0,0,0,0,0,0
563,1,1,0,0,0,0,0,0,0,0,0,0
564,1,1,0,0,0,0,0,0,0,0,0,0
565,1,1,0,0,0,0,0,0,0,0,0,0
566,1,1,0,0,0,0,0,0,0,0,0,0
567,1,1,0,0,0,0,0,0,0,0,0,0
568,1,1,0,0,0,0,0,0,0,0,0,0
569,1,1,0,0,0,0,0,0,0,0,0,0
570,1,1,0,0,0,0,0,0,0,0,0,0
571,1,1,0,0,0,0,0,0,0,0,0,0
572,1,1,0,0,0,0,0,0,0,0,0,0
573,1,1,0,0,0,0,0,0,0,0,0,0
574,0,2,0,0,0,0,0,0,0,0,0,0
575,0,2,0,0,0,0,0,0,0,0,0,0
576,0,2,0,0,0,0,0,0,0,0,0,0
577,0,2,0,0,0,0,0,0,0,0,0,0
578,0,2,0,0,0,0,0,0,0,0,0,0
579,0,2,0,0,0,0,0,0,0,0,0,0
580,0,2,0,0,0,0,0,0,0,0,0,0
581,1,1,0,0,0,0,0,0,0,0,0,0
582,1,1,0,0,0,0,0,0,0,0,0,0
583,1,1,0,0,0,0,0,0,0,0,0,0
584,1,1,0,0,0,0,0,0,0,0,0,0
585,1,1,0,0,0,0,0,0,0,0,0,0
586,1,1,0,0,0,0,0,0,0,0,0,0
587,1,1,0,0,0,0,0,0,0,0,0,0
588,1,1,0,0,0,0,0,0,0,0,0,0
589,1,1,0,0,0,0,0,0,0,0,0,0
590,1,1,0,0,0,0,0,0,0,0,0,0
591,1,1,0,0,0,0,0,0,0,0,0,0
592,0,2,0,0,0,0,0,0,0,0,0,0
593,1,1,0,0,0,0,0,0,0,0,0,0
594,0,2,0,0,0,0,0,0,0,0,0,0
595,0,2,0,0,0,0,0,0,0,0,0,0
596,0,2,0,0,0,0,0,0,0,0,0,0
597,0,2,0,0,0,0,0,0,0,0,0,0
598,0,2,0,0,0,0,0,0,0,0,0,0
599,0,2,0,0,0,0,0,0,0,0,0,0
600,0,2,0,0,0,0,0,0,0,0,0,0
601,0,2,0,0,0,0,0,0,0,0,0,0
602,0,2,0,0,0,0,0,0,0,0,0,0
603,0,2,0,0,0,0,0,0,0,0,0,0
604,0,2,0,0,0,0,0,0,0,0,0,0
605,0,2,0,0,0,0,0,0,0,0,0,0
606,0,2,0,0,0,0,0,0,0,0,0,0
607,0,2,0,0,0,0,0,0,0,0,0,0
608,1,0,1,0,0,0,0,0,0,0,0,0
609,1,1,0,0,0,0,0,0,0,0,0,0
610,1,1,0,0,0,0,0,0,0,0,0,0
611,1,1,0,0,0,0,0,0,0,0,0,0
612,1,1,0,0,0,0,0,0,0,0,0,0
613,1,1,0,0,0,0,0,0,0,0,0,0
614,1,0,1,0,0,0,0,0,0,0,0,0
615,1,1,0,0,0,0,0,0,0,0,0,0
616,1,1,0,0,0,0,0,0,0,0,0,0
617,1,1,0,0,0,0,0,0,0,0,0,0
618,1,1,0,0,0,0,0,0,0,0,0,0
619,1,1,0,0,0,0,0,0,0,0,0,0
620,1,1,0,0,0,0,0,0,0,0,0,0
621,1,1,0,0,0,0,0,0,0,0,0,0
622,1,1,0,0,0,0,0,0,0,0,0,0
623,1,1,0,0,0,0,0,0,0,0,0,0
624,1,1,0,0,0,0,0,0,0,0,0,0
625,1,1,0,0,0,0,0,0,0,0,0,0
626,1,1,0,0,0,0,0,0,0,0,0,0
627,1,1,0,0,0,0,0,0,0,0,0,0
628,1,1,0,0,0,0,0,0,0,0,0,0
629,1,1,0,0,0,0,0,0,0,0,0,0
630,1,1,0,0,0,0,0,0,0,0,0,0
631,1,1,0,0,0,0,0,0,0,0,0,0
632,1,1,0,0,0,0,0,0,0,0,0,0
633,1,1,0,0,0,0,0,0,0,0,0,0
634,1,1,0,0,0,0,0,0,0,0,0,0
635,1,1,0,0,0,0,0,0,0,0,0,0
636,1,1,0,0,0,0,0,0,0,0,0,0
637,1,1,0,0,0,0,0,0,0,0,0,0
638,1,1,0,0,0,0,0,0,0,0,0,0
639,1,1,0,0,0,0,0,0,0,0,0,0
640,1,1,0,0,0,0,0,0,0,0,0,0
641,1,1,0,0,0,0,0,0,0,0,0,0
642,1,1,0,0,0,0,0,0,0,0,0,0
643,1,1,0,0,0,0,0,0,0,0,0,0
644,1,1,0,0,0,0,0,0,0,0,0,0
645,1,1,0,0,0,0,0,0,0,0,0,0
646,0,0,0,1,1,0,0,0,0,0,0,0
647,0,0,0,1,0,1,0,0,0,0,0,0
648,0,0,0,1,1,0,0,0,0,0,0,0
649,0,0,0,1,1,0,0,0,0,0,0,0
650,0,0,0,1,0,1,0,0,0,0,0,0
651,0,0,0,1,0,0,1,0,0,0,0,0
652,0,0,0,1,0,0,1,0,0,0,0,0
653,0,0,0,1,0,0,1,0,0,0,0,0
654,0,0,0,0,0,1,1,0,0,0,0,0
655,0,0,0,1,0,1,0,0,0,0,0,0
656,0,0,0,1,0,1,0,0,0,0,0,0
657,0,0,0,1,0,0,1,0,0,0,0,0
658,0,0,0,1,0,0,1,0,0,0,0,0
659,0,0,0,1,1,0,0,0,0,0,0,0
660,0,0,0,1,1,0,0,0,0,0,0,0
661,0,0,0,1,0,1,0,0,0,0,0,0
662,0,0,0,1,0,0,1,0,0,0,0,0
663,0,0,0,2,0,0,0,0,0,0,0,0
664,0,0,0,1,0,0,1,0,0,0,0,0
665,0,0,0,0,0,0,1,1,0,0,0,0
666,0,0,0,0,0,0,1,1,0,0,0,0
667,0,0,0,0,0,0,1,1,0,0,0,0
668,0,0,0,0,0,0,1,1,0,0,0,0
669,0,0,0,0,0,1,1,0,0,0,0,0
670,0,0,0,1,1,0,0,0,0,0,0,0
671,0,0,0,1,1,0,0,0,0,0,0,0
672,0,0,0,1,1,0,0,0,0,0,0,0
673,0,0,0,1,1,0,0,0,0,0,0,0
674,0,0,0,1,0,0,1,0,0,0,0,0
675,0,0,0,1,0,0,1,0,0,0,0,0
676,0,0,0,1,0,0,1,0,0,0,0,0
677,0,0,0,1,0,0,1,0,0,0,0,0
678,0,0,0,0,0,1,1,0,0,0,0,0
679,0,0,0,1,0,0,1,0,0,0,0,0
680,0,0,0,1,0,0,0,1,0,0,0,0
681,0,0,0,1,1,0,0,0,0,0,0,0
682,0,0,0,1,0,0,0,1,0,0,0,0
683,0,0,0,1,1,0,0,0,0,0,0,0
684,0,0,0,1,0,0,1,0,0,0,0,0
685,1,0,0,0,0,0,0,0,1,0,0,0
686,1,0,0,0,0,0,0,0,1,0,0,0
687,1,0,0,0,0,0,0,0,1,0,0,0
688,0,1,0,0,0,0,0,0,1,0,0,0
689,0,1,0,0,0,0,0,0,1,0,0,0
690,0,1,0,0,0,0,0,0,1,0,0,0
691,0,1,0,0,0,0,0,0,1,0,0,0
692,0,1,0,0,0,0,0,0,1,0,0,0
693,0,1,0,0,0,0,0,0,1,0,0,0
694,0,1,0,0,0,0,0,0,1,0,0,0
695,0,0,1,0,0,0,0,0,1,0,0,0
696,0,1,0,0,0,0,0,0,1,0,0,0
697,0,1,0,0,0,0,0,0,1,0,0,0
698,1,0,0,0,0,0,0,0,1,0,0,0
699,1,0,0,0,0,0,0,0,1,0,0,0
700,1,0,0,0,0,0,0,0,1,0,0,0
701,1,0,0,0,0,0,0,0,1,0,0,0
702,1,0,0,0,0,0,0,0,1,0,0,0
703,1,0,0,0,0,0,0,0,1,0,0,0
704,1,0,0,0,0,0,0,0,1,0,0,0
705,1,0,0,0,0,0,0,0,1,0,0,0
706,1,0,0,0,0,0,0,0,1,0,0,0
707,1,0,0,0,0,0,0,0,1,0,0,0
708,1,0,0,0,0,0,0,0,1,0,0,0
709,1,0,0,0,0,0,0,0,1,0,0,0
710,0,1,0,0,0,0,0,0,1,0,0,0
711,1,0,0,0,0,0,0,0,1,0,0,0
712,1,0,0,0,0,0,0,0,1,0,0,0
713,1,0,0,0,0,0,0,0,1,0,0,0
714,0,1,0,0,0,0,0,0,1,0,0,0
715,1,0,0,0,0,0,0,0,1,0,0,0
716,0,0,1,0,0,0,0,0,1,0,0,0
717,0,0,1,0,0,0,0,0,1,0,0,0
718,0,0,1,0,0,0,0,0,1,0,0,0
719,1,0,0,0,0,0,0,0,1,0,0,0
720,0,0,1,0,0,0,0,0,1,0,0,0
721,0,1,0,0,0,0,0,0,1,0,0,0
722,1,0,0,0,0,0,0,0,1,0,0,0
723,1,0,0,0,0,0,0,0,1,0,0,0
724,1,0,0,0,0,0,0,0,1,0,0,0
725,0,1,0,0,0,0,0,0,1,0,0,0
726,0,1,0,0,0,0,0,0,1,0,0,0
727,0,1,0,0,0,0,0,0,1,0,0,0
728,0,1,0,0,0,0,0,0,1,0,0,0
729,0,1,0,0,0,0,0,0,1,0,0,0
730,0,1,0,0,0,0,0,0,1,0,0,0
731,0,1,0,0,0,0,0,0,1,0,0,0
732,0,1,0,0,0,0,0,0,1,0,0,0
733,0,1,0,0,0,0,0,0,1,0,0,0
734,0,1,0,0,0,0,0,0,1,0,0,0
735,0,1,0,0,0,0,0,0,1,0,0,0
736,1,0,0,0,0,0,0,0,1,0,0,0
737,0,1,0,0,0,0,0,0,1,0,0,0
738,0,1,0,0,0,0,0,0,1,0,0,0
739,1,0,0,0,0,0,0,0,1,0,0,0
740,0,1,0,0,0,0,0,0,1,0,0,0
741,0,1,0,0,0,0,0,0,1,0,0,0
742,0,1,0,0,0,0,0,0,1,0,0,0
743,0,1,0,0,0,0,0,0,1,0,0,0
744,0,0,1,0,0,0,0,0,1,0,0,0
745,1,0,0,0,0,0,0,0,1,0,0,0
746,1,0,0,0,0,0,0,0,1,0,0,0
747,1,0,0,0,0,0,0,0,1,0,0,0
748,1,0,0,0,0,0,0,0,1,0,0,0
749,1,0,0,0,0,0,0,0,1,0,0,0
750,1,0,0,0,0,0,0,0,1,0,0,0
751,0,1,0,0,0,0,0,0,1,0,0,0
752,0,1,0,0,0,0,0,0,1,0,0,0
753,1,0,0,0,0,0,0,0,1,0,0,0
754,1,0,0,0,0,0,0,0,1,0,0,0
755,1,0,0,0,0,0,0,0,1,0,0,0
756,1,0,0,0,0,0,0,0,1,0,0,0
757,1,0,0,0,0,0,0,0,1,0,0,0
758,1,0,0,0,0,0,0,0,1,0,0,0
759,1,0,0,0,0,0,0,0,1,0,0,0
760,1,0,0,0,0,0,0,0,1,0,0,0
761,1,0,0,0,0,0,0,0,1,0,0,0
762,0,1,0,0,0,0,0,0,1,0,0,0
763,1,0,0,0,0,0,0,0,1,0,0,0
764,0,1,0,0,0,0,0,0,1,0,0,0
765,1,0,0,0,0,0,0,0,1,0,0,0
766,0,1,0,0,0,0,0,0,1,0,0,0
767,0,0,1,0,0,0,0,0,1,0,0,0
768,1,0,0,0,0,0,0,0,1,0,0,0
769,0,1,0,0,0,0,0,0,1,0,0,0
770,1,0,0,0,0,0,0,0,1,0,0,0
771,0,0,1,0,0,0,0,0,1,0,0,0
772,1,0,0,0,0,0,0,0,1,0,0,0
773,0,1,0,0,0,0,0,0,1,0,0,0
774,0,1,0,0,0,0,0,0,1,0,0,0
775,0,1,0,0,0,0,0,0,1,0,0,0
776,1,0,0,0,0,0,0,0,1,0,0,0
777,1,0,0,0,0,0,0,0,1,0,0,0
778,1,0,0,0,0,0,0,0,1,0,0,0
779,0,1,0,0,0,0,0,0,1,0,0,0
780,1,0,0,0,0,0,0,0,1,0,0,0
781,1,0,0,0,0,0,0,0,1,0,0,0
782,1,0,0,0,0,0,0,0,1,0,0,0
783,1,0,0,0,0,0,0,0,1,0,0,0
784,1,0,0,0,0,0,0,0,1,0,0,0
785,1,0,0,0,0,0,0,0,1,0,0,0
786,1,0,0,0,0,0,0,0,1,0,0,0
787,1,0,0,0,0,0,0,0,1,0,0,0
788,1,0,0,0,0,0,0,0,1,0,0,0
789,1,0,0,0,0,0,0,0,1,0,0,0
790,1,0,0,0,0,0,0,0,1,0,0,0
791,1,0,0,0,0,0,0,0,1,0,0,0
792,1,0,0,0,0,0,0,0,1,0,0,0
793,0,0,1,0,0,0,0,0,1,0,0,0
794,0,1,0,0,0,0,0,0,1,0,0,0
795,1,0,0,0,0,0,0,0,1,0,0,0
796,0,1,0,0,0,0,0,0,1,0,0,0
797,0,1,0,0,0,0,0,0,1,0,0,0
798,0,1,0,0,0,0,0,0,1,0,0,0
799,1,0,0,0,0,0,0,0,1,0,0,0
800,0,0,1,0,0,0,0,0,1,0,0,0
801,0,1,0,0,0,0,0,0,1,0,0,0
802,0,0,1,0,0,0,0,0,1,0,0,0
803,1,0,0,0,0,0,0,0,1,0,0,0
804,0,1,0,0,0,0,0,0,1,0,0,0
805,1,0,0,0,0,0,0,0,1,0,0,0
806,1,0,0,0,0,0,0,0,1,0,0,0
807,0,1,0,0,0,0,0,0,1,0,0,0
808,1,0,0,0,0,0,0,0,1,0,0,0
809,1,0,0,0,0,0,0,0,1,0,0,0
810,1,0,0,0,0,0,0,0,1,0,0,0
811,1,0,0,0,0,0,0,0,1,0,0,0
812,1,1,0,0,0,0,0,0,0,0,0,0
813,1,0,1,0,0,0,0,0,0,0,0,0
814,2,0,0,0,0,0,0,0,0,0,0,0
815,2,0,0,0,0,0,0,0,0,0,0,0
816,1,1,0,0,0,0,0,0,0,0,0,0
817,2,0,0,0,0,0,0,0,0,0,0,0
818,1,1,0,0,0,0,0,0,0,0,0,0
819,2,0,0,0,0,0,0,0,0,0,0,0
820,1,0,1,0,0,0,0,0,0,0,0,0
821,1,1,0,0,0,0,0,0,0,0,0,0
822,1,0,1,0,0,0,0,0,0,0,0,0
823,2,0,0,0,0,0,0,0,0,0,0,0
824,1,0,1,0,0,0,0,0,0,0,0,0
825,2,0,0,0,0,0,0,0,0,0,0,0
826,2,0,0,0,0,0,0,0,0,0,0,0
827,1,1,0,0,0,0,0,0,0,0,0,0
828,1,1,0,0,0,0,0,0,0,0,0,0
829,1,0,1,0,0,0,0,0,0,0,0,0
830,1,0,1,0,0,0,0,0,0,0,0,0
831,2,0,0,0,0,0,0,0,0,0,0,0
832,1,0,1,0,0,0,0,0,0,0,0,0
833,1,0,1,0,0,0,0,0,0,0,0,0
834,1,0,1,0,0,0,0,0,0,0,0,0
835,1,0,1,0,0,0,0,0,0,0,0,0
836,1,0,0,0,0,0,0,0,0,1,0,0
837,1,0,1,0,0,0,0,0,0,0,0,0
838,1,1,0,0,0,0,0,0,0,0,0,0
839,1,0,1,0,0,0,0,0,0,0,0,0
840,1,1,0,0,0,0,0,0,0,0,0,0
841,1,0,1,0,0,0,0,0,0,0,0,0
842,1,0,1,0,0,0,0,0,0,0,0,0
843,1,1,0,0,0,0,0,0,0,0,0,0
844,1,1,0,0,0,0,0,0,0,0,0,0
845,1,1,0,0,0,0,0,0,0,0,0,0
846,1,1,0,0,0,0,0,0,0,0,0,0
847,1,1,0,0,0,0,0,0,0,0,0,0
848,2,0,0,0,0,0,0,0,0,0,0,0
849,2,0,0,0,0,0,0,0,0,0,0,0
850,1,0,1,0,0,0,0,0,0,0,0,0
851,1,0,1,0,0,0,0,0,0,0,0,0
852,1,0,1,0,0,0,0,0,0,0,0,0
853,1,1,0,0,0,0,0,0,0,0,0,0
854,1,0,1,0,0,0,0,0,0,0,0,0
855,1,0,1,0,0,0,0,0,0,0,0,0
856,1,0,1,0,0,0,0,0,0,0,0,0
857,0,1,0,0,0,0,0,0,0,1,0,0
858,1,1,0,0,0,0,0,0,0,0,0,0
859,0,1,0,0,0,0,0,0,0,1,0,0
860,1,0,0,0,0,0,0,0,0,1,0,0
861,1,0,1,0,0,0,0,0,0,0,0,0
862,1,1,0,0,0,0,0,0,0,0,0,0
863,1,1,0,0,0,0,0,0,0,0,0,0
864,1,1,0,0,0,0,0,0,0,0,0,0
865,1,1,0,0,0,0,0,0,0,0,0,0
866,1,1,0,0,0,0,0,0,0,0,0,0
867,1,1,0,0,0,0,0,0,0,0,0,0
868,2,0,0,0,0,0,0,0,0,0,0,0
869,1,1,0,0,0,0,0,0,0,0,0,0
870,1,1,0,0,0,0,0,0,0,0,0,0
871,2,0,0,0,0,0,0,0,0,0,0,0
872,1,1,0,0,0,0,0,0,0,0,0,0
873,2,0,0,0,0,0,0,0,0,0,0,0
874,1,1,0,0,0,0,0,0,0,0,0,0
875,1,0,1,0,0,0,0,0,0,0,0,0
876,1,0,1,0,0,0,0,0,0,0,0,0
877,2,0,0,0,0,0,0,0,0,0,0,0
878,1,0,1,0,0,0,0,0,0,0,0,0
879,1,0,1,0,0,0,0,0,0,0,0,0
880,1,0,1,0,0,0,0,0,0,0,0,0
881,1,1,0,0,0,0,0,0,0,0,0,0
882,1,1,0,0,0,0,0,0,0,0,0,0
883,1,0,1,0,0,0,0,0,0,0,0,0
884,1,1,0,0,0,0,0,0,0,0,0,0
885,1,1,0,0,0,0,0,0,0,0,0,0
886,2,0,0,0,0,0,0,0,0,0,0,0
887,1,1,0,0,0,0,0,0,0,0,0,0
888,1,1,0,0,0,0,0,0,0,0,0,0
889,1,0,1,0,0,0,0,0,0,0,0,0
890,1,0,1,0,0,0,0,0,0,0,0,0
891,1,0,1,0,0,0,0,0,0,0,0,0
892,1,0,1,0,0,0,0,0,0,0,0,0
893,1,0,1,0,0,0,0,0,0,0,0,0
894,2,0,0,0,0,0,0,0,0,0,0,0
895,2,0,0,0,0,0,0,0,0,0,0,0
896,1,1,0,0,0,0,0,0,0,0,0,0
897,1,0,1,0,0,0,0,0,0,0,0,0
898,1,0,1,0,0,0,0,0,0,0,0,0
899,1,0,1,0,0,0,0,0,0,0,0,0
900,1,0,1,0,0,0,0,0,0,0,0,0
901,1,0,1,0,0,0,0,0,0,0,0,0
902,1,0,1,0,0,0,0,0,0,0,0,0
903,1,0,1,0,0,0,0,0,0,0,0,0
904,1,0,1,0,0,0,0,0,0,0,0,0
905,2,0,0,0,0,0,0,0,0,0,0,0
906,2,0,0,0,0,0,0,0,0,0,0,0
907,2,0,0,0,0,0,0,0,0,0,0,0
908,1,1,0,0,0,0,0,0,0,0,0,0
909,1,1,0,0,0,0,0,0,0,0,0,0
910,1,0,1,0,0,0,0,0,0,0,0,0
911,1,0,1,0,0,0,0,0,0,0,0,0
912,1,0,1,0,0,0,0,0,0,0,0,0
913,1,1,0,0,0,0,0,0,0,0,0,0
914,1,0,1,0,0,0,0,0,0,0,0,0
915,1,1,0,0,0,0,0,0,0,0,0,0
916,2,0,0,0,0,0,0,0,0,0,0,0
917,2,0,0,0,0,0,0,0,0,0,0,0
918,1,1,0,0,0,0,0,0,0,0,0,0
919,1,1,0,0,0,0,0,0,0,0,0,0
920,1,1,0,0,0,0,0,0,0,0,0,0
921,1,1,0,0,0,0,0,0,0,0,0,0
922,1,1,0,0,0,0,0,0,0,0,0,0
923,1,0,1,0,0,0,0,0,0,0,0,0
924,1,0,1,0,0,0,0,0,0,0,0,0
925,1,0,1,0,0,0,0,0,0,0,0,0
926,1,0,1,0,0,0,0,0,0,0,0,0
927,1,0,1,0,0,0,0,0,0,0,0,0
928,2,0,0,0,0,0,0,0,0,0,0,0
929,1,1,0,0,0,0,0,0,0,0,0,0
930,1,0,1,0,0,0,0,0,0,0,0,0
931,1,0,1,0,0,0,0,0,0,0,0,0
932,1,0,1,0,0,0,0,0,0,0,0,0
933,1,1,0,0,0,0,0,0,0,0,0,0
934,1,0,1,0,0,0,0,0,0,0,0,0
935,1,0,1,0,0,0,0,0,0,0,0,0
936,1,1,0,0,0,0,0,0,0,0,0,0
937,1,1,0,0,0,0,0,0,0,0,0,0
938,1,0,1,0,0,0,0,0,0,0,0,0
939,1,0,1,0,0,0,0,0,0,0,0,0
940,1,1,0,0,0,0,0,0,0,0,0,0
941,1,0,1,0,0,0,0,0,0,0,0,0
942,1,0,1,0,0,0,0,0,0,0,0,0
943,1,1,0,0,0,0,0,0,0,0,0,0
944,1,0,1,0,0,0,0,0,0,0,0,0
945,1,0,1,0,0,0,0,0,0,0,0,0
946,1,1,0,0,0,0,0,0,0,0,0,0
947,1,0,1,0,0,0,0,0,0,0,0,0
948,2,0,0,0,0,0,0,0,0,0,0,0
949,2,0,0,0,0,0,0,0,0,0,0,0
950,1,0,1,0,0,0,0,0,0,0,0,0
951,1,0,1,0,0,0,0,0,0,0,0,0
952,1,1,0,0,0,0,0,0,0,0,0,0
953,1,0,1,0,0,0,0,0,0,0,0,0
954,1,0,1,0,0,0,0,0,0,0,0,0
955,1,0,1,0,0,0,0,0,0,0,0,0
956,2,0,0,0,0,0,0,0,0,0,0,0
957,1,0,1,0,0,0,0,0,0,0,0,0
958,1,0,1,0,0,0,0,0,0,0,0,0
959,1,0,1,0,0,0,0,0,0,0,0,0
960,1,0,1,0,0,0,0,0,0,0,0,0
961,1,1,0,0,0,0,0,0,0,0,0,0
962,1,0,1,0,0,0,0,0,0,0,0,0
963,1,0,1,0,0,0,0,0,0,0,0,0
964,1,0,1,0,0,0,0,0,0,0,0,0
965,1,0,1,0,0,0,0,0,0,0,0,0
966,1,0,1,0,0,0,0,0,0,0,0,0
967,1,1,0,0,0,0,0,0,0,0,0,0
968,1,0,1,0,0,0,0,0,0,0,0,0
969,1,0,1,0,0,0,0,0,0,0,0,0
970,1,0,1,0,0,0,0,0,0,0,0,0
971,1,0,1,0,0,0,0,0,0,0,0,0
972,1,0,1,0,0,0,0,0,0,0,0,0
973,1,1,0,0,0,0,0,0,0,0,0,0
974,1,1,0,0,0,0,0,0,0,0,0,0
975,1,1,0,0,0,0,0,0,0,0,0,0
976,1,0,1,0,0,0,0,0,0,0,0,0
977,1,1,0,0,0,0,0,0,0,0,0,0
978,1,1,0,0,0,0,0,0,0,0,0,0
979,1,0,1,0,0,0,0,0,0,0,0,0
980,1,1,0,0,0,0,0,0,0,0,0,0
981,1,0,1,0,0,0,0,0,0,0,0,0
982,1,0,1,0,0,0,0,0,0,0,0,0
983,1,0,1,0,0,0,0,0,0,0,0,0
984,2,0,0,0,0,0,0,0,0,0,0,0
985,1,0,1,0,0,0,0,0,0,0,0,0
986,1,1,0,0,0,0,0,0,0,0,0,0
987,2,0,0,0,0,0,0,0,0,0,0,0
988,1,1,0,0,0,0,0,0,0,0,0,0
989,1,0,1,0,0,0,0,0,0,0,0,0
990,1,0,1,0,0,0,0,0,0,0,0,0
991,1,0,1,0,0,0,0,0,0,0,0,0
992,1,0,1,0,0,0,0,0,0,0,0,0
993,2,0,0,0,0,0,0,0,0,0,0,0
994,1,0,1,0,0,0,0,0,0,0,0,0
995,1,0,1,0,0,0,0,0,0,0,0,0
996,1,0,1,0,0,0,0,0,0,0,0,0
997,1,1,0,0,0,0,0,0,0,0,0,0
998,1,1,0,0,0,0,0,0,0,0,0,0
999,1,1,0,0,0,0,0,0,0,0,0,0
1000,1,0,1,0,0,0,0,0,0,0,0,0
1001,1,1,0,0,0,0,0,0,0,0,0,0
1002,1,0,1,0,0,0,0,0,0,0,0,0
1003,1,0,1,0,0,0,0,0,0,0,0,0
1004,1,0,1,0,0,0,0,0,0,0,0,0
1005,1,0,1,0,0,0,0,0,0,0,0,0
1006,2,0,0,0,0,0,0,0,0,0,0,0
1007,1,1,0,0,0,0,0,0,0,0,0,0
1008,1,1,0,0,0,0,0,0,0,0,0,0
1009,1,1,0,0,0,0,0,0,0,0,0,0
1010,1,1,0,0,0,0,0,0,0,0,0,0
1011,1,1,0,0,0,0,0,0,0,0,0,0
1012,1,1,0,0,0,0,0,0,0,0,0,0
1013,1,1,0,0,0,0,0,0,0,0,0,0
1014,1,1,0,0,0,0,0,0,0,0,0,0
1015,1,1,0,0,0,0,0,0,0,0,0,0
1016,1,1,0,0,0,0,0,0,0,0,0,0
1017,1,1,0,0,0,0,0,0,0,0,0,0
1018,1,1,0,0,0,0,0,0,0,0,0,0
1019,1,1,0,0,0,0,0,0,0,0,0,0
1020,1,0,1,0,0,0,0,0,0,0,0,0
1021,1,1,0,0,0,0,0,0,0,0,0,0
1022,2,0,0,0,0,0,0,0,0,0,0,0
1023,1,1,0,0,0,0,0,0,0,0,0,0
1024,1,1,0,0,0,0,0,0,0,0,0,0
1025,1,0,1,0,0,0,0,0,0,0,0,0
1026,1,1,0,0,0,0,0,0,0,0,0,0
1027,1,0,1,0,0,0,0,0,0,0,0,0
1028,1,1,0,0,0,0,0,0,0,0,0,0
1029,1,0,1,0,0,0,0,0,0,0,0,0
1030,1,0,1,0,0,0,0,0,0,0,0,0
1031,1,0,1,0,0,0,0,0,0,0,0,0
1032,1,0,1,0,0,0,0,0,0,0,0,0
1033,1,0,1,0,0,0,0,0,0,0,0,0
1034,1,0,1,0,0,0,0,0,0,0,0,0
1035,1,0,1,0,0,0,0,0,0,0,0,0
1036,1,0,1,0,0,0,0,0,0,0,0,0
1037,2,0,0,0,0,0,0,0,0,0,0,0
1038,1,1,0,0,0,0,0,0,0,0,0,0
1039,2,0,0,0,0,0,0,0,0,0,0,0
1040,1,0,1,0,0,0,0,0,0,0,0,0
1041,2,0,0,0,0,0,0,0,0,0,0,0
1042,2,0,0,0,0,0,0,0,0,0,0,0
1043,1,1,0,0,0,0,0,0,0,0,0,0
1044,1,1,0,0,0,0,0,0,0,0,0,0
1045,1,1,0,0,0,0,0,0,0,0,0,0
1046,1,1,0,0,0,0,0,0,0,0,0,0
1047,1,1,0,0,0,0,0,0,0,0,0,0
1048,1,1,0,0,0,0,0,0,0,0,0,0
1049,1,1,0,0,0,0,0,0,0,0,0,0
1050,1,1,0,0,0,0,0,0,0,0,0,0
1051,1,0,1,0,0,0,0,0,0,0,0,0
1052,1,0,1,0,0,0,0,0,0,0,0,0
1053,1,0,1,0,0,0,0,0,0,0,0,0
1054,1,0,1,0,0,0,0,0,0,0,0,0
1055,1,1,0,0,0,0,0,0,0,0,0,0
1056,1,0,1,0,0,0,0,0,0,0,0,0
1057,1,1,0,0,0,0,0,0,0,0,0,0
1058,1,0,1,0,0,0,0,0,0,0,0,0
1059,1,0,1,0,0,0,0,0,0,0,0,0
1060,1,1,0,0,0,0,0,0,0,0,0,0
1061,1,1,0,0,0,0,0,0,0,0,0,0
1062,1,1,0,0,0,0,0,0,0,0,0,0
1063,1,1,0,0,0,0,0,0,0,0,0,0
1064,1,1,0,0,0,0,0,0,0,0,0,0
1065,1,1,0,0,0,0,0,0,0,0,0,0
1066,1,0,1,0,0,0,0,0,0,0,0,0
1067,1,0,1,0,0,0,0,0,0,0,0,0
1068,1,0,1,0,0,0,0,0,0,0,0,0
1069,1,0,1,0,0,0,0,0,0,0,0,0
1070,1,0,1,0,0,0,0,0,0,0,0,0
1071,1,0,1,0,0,0,0,0,0,0,0,0
1072,1,0,1,0,0,0,0,0,0,0,0,0
1073,2,0,0,0,0,0,0,0,0,0,0,0
1074,2,0,0,0,0,0,0,0,0,0,0,0
1075,1,0,1,0,0,0,0,0,0,0,0,0
1076,2,0,0,0,0,0,0,0,0,0,0,0
1077,1,0,1,0,0,0,0,0,0,0,0,0
1078,1,0,1,0,0,0,0,0,0,0,0,0
1079,1,0,1,0,0,0,0,0,0,0,0,0
1080,1,0,1,0,0,0,0,0,0,0,0,0
1081,1,1,0,0,0,0,0,0,0,0,0,0
1082,2,0,0,0,0,0,0,0,0,0,0,0
1083,2,0,0,0,0,0,0,0,0,0,0,0
1084,1,0,1,0,0,0,0,0,0,0,0,0
1085,1,0,1,0,0,0,0,0,0,0,0,0
1086,1,0,1,0,0,0,0,0,0,0,0,0
1087,1,0,1,0,0,0,0,0,0,0,0,0
1088,1,0,1,0,0,0,0,0,0,0,0,0
1089,1,0,1,0,0,0,0,0,0,0,0,0
1090,1,0,1,0,0,0,0,0,0,0,0,0
1091,1,1,0,0,0,0,0,0,0,0,0,0
1092,2,0,0,0,0,0,0,0,0,0,0,0
1093,1,1,0,0,0,0,0,0,0,0,0,0
1094,1,1,0,0,0,0,0,0,0,0,0,0
1095,1,1,0,0,0,0,0,0,0,0,0,0
1096,1,1,0,0,0,0,0,0,0,0,0,0
1097,1,0,1,0,0,0,0,0,0,0,0,0
1098,1,0,1,0,0,0,0,0,0,0,0,0
1099,1,0,1,0,0,0,0,0,0,0,0,0
1100,1,0,1,0,0,0,0,0,0,0,0,0
1101,1,0,1,0,0,0,0,0,0,0,0,0
1102,1,0,1,0,0,0,0,0,0,0,0,0
1103,1,0,1,0,0,0,0,0,0,0,0,0
1104,1,0,1,0,0,0,0,0,0,0,0,0
1105,1,0,1,0,0,0,0,0,0,0,0,0
1106,1,0,1,0,0,0,0,0,0,0,0,0
1107,1,1,0,0,0,0,0,0,0,0,0,0
1108,1,1,0,0,0,0,0,0,0,0,0,0
1109,1,1,0,0,0,0,0,0,0,0,0,0
1110,1,1,0,0,0,0,0,0,0,0,0,0
1111,1,1,0,0,0,0,0,0,0,0,0,0
1112,1,1,0,0,0,0,0,0,0,0,0,0
1113,1,1,0,0,0,0,0,0,0,0,0,0
1114,1,1,0,0,0,0,0,0,0,0,0,0
1115,1,1,0,0,0,0,0,0,0,0,0,0
1116,1,1,0,0,0,0,0,0,0,0,0,0
1117,1,1,0,0,0,0,0,0,0,0,0,0
1118,1,1,0,0,0,0,0,0,0,0,0,0
1119,1,1,0,0,0,0,0,0,0,0,0,0
1120,1,1,0,0,0,0,0,0,0,0,0,0
1121,1,1,0,0,0,0,0,0,0,0,0,0
1122,1,1,0,0,0,0,0,0,0,0,0,0
1123,1,1,0,0,0,0,0,0,0,0,0,0
1124,1,1,0,0,0,0,0,0,0,0,0,0
1125,1,1,0,0,0,0,0,0,0,0,0,0
1126,1,1,0,0,0,0,0,0,0,0,0,0
1127,1,1,0,0,0,0,0,0,0,0,0,0
1128,1,1,0,0,0,0,0,0,0,0,0,0
1129,1,1,0,0,0,0,0,0,0,0,0,0
1130,1,1,0,0,0,0,0,0,0,0,0,0
1131,1,1,0,0,0,0,0,0,0,0,0,0
1132,1,1,0,0,0,0,0,0,0,0,0,0
1133,1,1,0,0,0,0,0,0,0,0,0,0
1134,1,1,0,0,0,0,0,0,0,0,0,0
1135,1,1,0,0,0,0,0,0,0,0,0,0
1136,1,1,0,0,0,0,0,0,0,0,0,0
1137,1,1,0,0,0,0,0,0,0,0,0,0
1138,1,1,0,0,0,0,0,0,0,0,0,0
1139,1,1,0,0,0,0,0,0,0,0,0,0
1140,1,1,0,0,0,0,0,0,0,0,0,0
1141,1,1,0,0,0,0,0,0,0,0,0,0
1142,1,1,0,0,0,0,0,0,0,0,0,0
1143,1,1,0,0,0,0,0,0,0,0,0,0
1144,1,1,0,0,0,0,0,0,0,0,0,0
1145,1,1,0,0,0,0,0,0,0,0,0,0
1146,1,1,0,0,0,0,0,0,0,0,0,0
1147,1,1,0,0,0,0,0,0,0,0,0,0
1148,1,1,0,0,0,0,0,0,0,0,0,0
1149,1,1,0,0,0,0,0,0,0,0,0,0
1150,1,1,0,0,0,0,0,0,0,0,0,0
1151,1,1,0,0,0,0,0,0,0,0,0,0
1152,1,1,0,0,0,0,0,0,0,0,0,0
1153,0,1,0,0,0,0,0,0,0,0,1,0
1154,1,1,0,0,0,0,0,0,0,0,0,0
1155,1,0,0,0,0,0,0,0,0,0,1,0
1156,1,1,0,0,0,0,0,0,0,0,0,0
1157,1,0,0,0,0,0,0,0,0,0,1,0
1158,1,1,0,0,0,0,0,0,0,0,0,0
1159,1,1,0,0,0,0,0,0,0,0,0,0
1160,1,1,0,0,0,0,0,0,0,0,0,0
1161,1,1,0,0,0,0,0,0,0,0,0,0
1162,1,1,0,0,0,0,0,0,0,0,0,0
1163,1,1,0,0,0,0,0,0,0,0,0,0
1164,1,1,0,0,0,0,0,0,0,0,0,0
1165,1,1,0,0,0,0,0,0,0,0,0,0
1166,1,1,0,0,0,0,0,0,0,0,0,0
1167,1,1,0,0,0,0,0,0,0,0,0,0
1168,1,1,0,0,0,0,0,0,0,0,0,0
1169,1,1,0,0,0,0,0,0,0,0,0,0
1170,1,1,0,0,0,0,0,0,0,0,0,0
1171,1,1,0,0,0,0,0,0,0,0,0,0
1172,1,1,0,0,0,0,0,0,0,0,0,0
1173,1,1,0,0,0,0,0,0,0,0,0,0
1174,1,1,0,0,0,0,0,0,0,0,0,0
1175,1,1,0,0,0,0,0,0,0,0,0,0
1176,1,1,0,0,0,0,0,0,0,0,0,0
1177,1,1,0,0,0,0,0,0,0,0,0,0
1178,1,1,0,0,0,0,0,0,0,0,0,0
1179,1,1,0,0,0,0,0,0,0,0,0,0
1180,1,0,0,0,0,0,0,0,0,0,1,0
1181,1,1,0,0,0,0,0,0,0,0,0,0
1182,1,0,0,0,0,0,0,0,0,0,1,0
1183,1,0,1,0,0,0,0,0,0,0,0,0
1184,1,1,0,0,0,0,0,0,0,0,0,0
1185,1,0,0,0,0,0,0,0,0,0,1,0
1186,1,0,1,0,0,0,0,0,0,0,0,0
1187,1,1,0,0,0,0,0,0,0,0,0,0
1188,1,1,0,0,0,0,0,0,0,0,0,0
1189,1,1,0,0,0,0,0,0,0,0,0,0
1190,1,0,0,0,0,0,0,0,0,0,1,0
1191,1,1,0,0,0,0,0,0,0,0,0,0
1192,1,1,0,0,0,0,0,0,0,0,0,0
1193,1,1,0,0,0,0,0,0,0,0,0,0
1194,1,1,0,0,0,0,0,0,0,0,0,0
1195,1,1,0,0,0,0,0,0,0,0,0,0
1196,1,1,0,0,0,0,0,0,0,0,0,0
1197,1,1,0,0,0,0,0,0,0,0,0,0
1198,1,1,0,0,0,0,0,0,0,0,0,0
1199,1,1,0,0,0,0,0,0,0,0,0,0
1200,1,1,0,0,0,0,0,0,0,0,0,0
1201,1,1,0,0,0,0,0,0,0,0,0,0
1202,1,1,0,0,0,0,0,0,0,0,0,0
1203,1,1,0,0,0,0,0,0,0,0,0,0
1204,1,1,0,0,0,0,0,0,0,0,0,0
1205,1,1,0,0,0,0,0,0,0,0,0,0
1206,1,1,0,0,0,0,0,0,0,0,0,0
1207,0,2,0,0,0,0,0,0,0,0,0,0
1208,1,1,0,0,0,0,0,0,0,0,0,0
1209,1,1,0,0,0,0,0,0,0,0,0,0
1210,1,1,0,0,0,0,0,0,0,0,0,0
1211,0,2,0,0,0,0,0,0,0,0,0,0
1212,0,2,0,0,0,0,0,0,0,0,0,0
1213,1,1,0,0,0,0,0,0,0,0,0,0
1214,0,2,0,0,0,0,0,0,0,0,0,0
1215,0,2,0,0,0,0,0,0,0,0,0,0
1216,0,2,0,0,0,0,0,0,0,0,0,0
1217,1,1,0,0,0,0,0,0,0,0,0,0
1218,1,1,0,0,0,0,0,0,0,0,0,0
1219,1,1,0,0,0,0,0,0,0,0,0,0
1220,1,1,0,0,0,0,0,0,0,0,0,0
1221,1,1,0,0,0,0,0,0,0,0,0,0
1222,1,1,0,0,0,0,0,0,0,0,0,0
1223,1,1,0,0,0,0,0,0,0,0,0,0
1224,1,1,0,0,0,0,0,0,0,0,0,0
1225,1,1,0,0,0,0,0,0,0,0,0,0
1226,1,1,0,0,0,0,0,0,0,0,0,0
1227,1,1,0,0,0,0,0,0,0,0,0,0
1228,2,0,0,0,0,0,0,0,0,0,0,0
1229,2,0,0,0,0,0,0,0,0,0,0,0
1230,2,0,0,0,0,0,0,0,0,0,0,0
1231,1,1,0,0,0,0,0,0,0,0,0,0
1232,2,0,0,0,0,0,0,0,0,0,0,0
1233,1,1,0,0,0,0,0,0,0,0,0,0
1234,1,1,0,0,0,0,0,0,0,0,0,0
1235,1,1,0,0,0,0,0,0,0,0,0,0
1236,2,0,0,0,0,0,0,0,0,0,0,0
1237,2,0,0,0,0,0,0,0,0,0,0,0
1238,1,1,0,0,0,0,0,0,0,0,0,0
1239,2,0,0,0,0,0,0,0,0,0,0,0
1240,1,1,0,0,0,0,0,0,0,0,0,0
1241,1,1,0,0,0,0,0,0,0,0,0,0
1242,2,0,0,0,0,0,0,0,0,0,0,0
1243,1,1,0,0,0,0,0,0,0,0,0,0
1244,1,1,0,0,0,0,0,0,0,0,0,0
1245,1,1,0,0,0,0,0,0,0,0,0,0
1246,1,1,0,0,0,0,0,0,0,0,0,0
1247,1,1,0,0,0,0,0,0,0,0,0,0
1248,2,0,0,0,0,0,0,0,0,0,0,0
1249,1,1,0,0,0,0,0,0,0,0,0,0
1250,1,1,0,0,0,0,0,0,0,0,0,0
1251,1,1,0,0,0,0,0,0,0,0,0,0
1252,1,1,0,0,0,0,0,0,0,0,0,0
1253,1,1,0,0,0,0,0,0,0,0,0,0
1254,1,1,0,0,0,0,0,0,0,0,0,0
1255,1,1,0,0,0,0,0,0,0,0,0,0
1256,1,1,0,0,0,0,0,0,0,0,0,0
1257,1,1,0,0,0,0,0,0,0,0,0,0
1258,1,1,0,0,0,0,0,0,0,0,0,0
1259,1,1,0,0,0,0,0,0,0,0,0,0
1260,1,1,0,0,0,0,0,0,0,0,0,0
1261,1,1,0,0,0,0,0,0,0,0,0,0
1262,2,0,0,0,0,0,0,0,0,0,0,0
1263,1,1,0,0,0,0,0,0,0,0,0,0
1264,1,1,0,0,0,0,0,0,0,0,0,0
1265,1,1,0,0,0,0,0,0,0,0,0,0
1266,2,0,0,0,0,0,0,0,0,0,0,0
1267,1,1,0,0,0,0,0,0,0,0,0,0
1268,1,1,0,0,0,0,0,0,0,0,0,0
1269,1,1,0,0,0,0,0,0,0,0,0,0
1270,1,1,0,0,0,0,0,0,0,0,0,0
1271,2,0,0,0,0,0,0,0,0,0,0,0
1272,2,0,0,0,0,0,0,0,0,0,0,0
1273,1,1,0,0,0,0,0,0,0,0,0,0
1274,1,0,1,0,0,0,0,0,0,0,0,0
1275,1,1,0,0,0,0,0,0,0,0,0,0
1276,1,1,0,0,0,0,0,0,0,0,0,0
1277,1,1,0,0,0,0,0,0,0,0,0,0
1278,1,1,0,0,0,0,0,0,0,0,0,0
1279,2,0,0,0,0,0,0,0,0,0,0,0
1280,1,1,0,0,0,0,0,0,0,0,0,0
1281,2,0,0,0,0,0,0,0,0,0,0,0
1282,1,1,0,0,0,0,0,0,0,0,0,0
1283,2,0,0,0,0,0,0,0,0,0,0,0
1284,2,0,0,0,0,0,0,0,0,0,0,0
1285,2,0,0,0,0,0,0,0,0,0,0,0
1286,1,1,0,0,0,0,0,0,0,0,0,0
1287,1,1,0,0,0,0,0,0,0,0,0,0
1288,2,0,0,0,0,0,0,0,0,0,0,0
1289,1,1,0,0,0,0,0,0,0,0,0,0
1290,2,0,0,0,0,0,0,0,0,0,0,0
1291,2,0,0,0,0,0,0,0,0,0,0,0
1292,2,0,0,0,0,0,0,0,0,0,0,0
1293,1,1,0,0,0,0,0,0,0,0,0,0
1294,2,0,0,0,0,0,0,0,0,0,0,0
1295,1,1,0,0,0,0,0,0,0,0,0,0
1296,1,1,0,0,0,0,0,0,0,0,0,0
1297,1,1,0,0,0,0,0,0,0,0,0,0
1298,1,1,0,0,0,0,0,0,0,0,0,0
1299,1,1,0,0,0,0,0,0,0,0,0,0
1300,1,1,0,0,0,0,0,0,0,0,0,0
1301,1,1,0,0,0,0,0,0,0,0,0,0
1302,1,1,0,0,0,0,0,0,0,0,0,0
1303,1,1,0,0,0,0,0,0,0,0,0,0
1304,2,0,0,0,0,0,0,0,0,0,0,0
1305,1,1,0,0,0,0,0,0,0,0,0,0
1306,1,1,0,0,0,0,0,0,0,0,0,0
1307,1,1,0,0,0,0,0,0,0,0,0,0
1308,2,0,0,0,0,0,0,0,0,0,0,0
1309,1,1,0,0,0,0,0,0,0,0,0,0
1310,1,1,0,0,0,0,0,0,0,0,0,0
1311,1,1,0,0,0,0,0,0,0,0,0,0
1312,1,1,0,0,0,0,0,0,0,0,0,0
1313,2,0,0,0,0,0,0,0,0,0,0,0
1314,2,0,0,0,0,0,0,0,0,0,0,0
1315,1,1,0,0,0,0,0,0,0,0,0,0
1316,1,1,0,0,0,0,0,0,0,0,0,0
1317,1,1,0,0,0,0,0,0,0,0,0,0
1318,2,0,0,0,0,0,0,0,0,0,0,0
1319,1,1,0,0,0,0,0,0,0,0,0,0
1320,1,1,0,0,0,0,0,0,0,0,0,0
1321,1,1,0,0,0,0,0,0,0,0,0,0
1322,1,1,0,0,0,0,0,0,0,0,0,0
1323,1,1,0,0,0,0,0,0,0,0,0,0
1324,1,1,0,0,0,0,0,0,0,0,0,0
1325,1,1,0,0,0,0,0,0,0,0,0,0
1326,1,1,0,0,0,0,0,0,0,0,0,0
1327,1,1,0,0,0,0,0,0,0,0,0,0
1328,1,1,0,0,0,0,0,0,0,0,0,0
1329,1,1,0,0,0,0,0,0,0,0,0,0
1330,1,1,0,0,0,0,0,0,0,0,0,0
1331,1,1,0,0,0,0,0,0,0,0,0,0
1332,1,1,0,0,0,0,0,0,0,0,0,0
1333,1,1,0,0,0,0,0,0,0,0,0,0
1334,1,1,0,0,0,0,0,0,0,0,0,0
1335,1,1,0,0,0,0,0,0,0,0,0,0
1336,1,1,0,0,0,0,0,0,0,0,0,0
1337,1,1,0,0,0,0,0,0,0,0,0,0
1338,1,1,0,0,0,0,0,0,0,0,0,0
1339,1,1,0,0,0,0,0,0,0,0,0,0
1340,1,1,0,0,0,0,0,0,0,0,0,0
1341,1,1,0,0,0,0,0,0,0,0,0,0
1342,1,1,0,0,0,0,0,0,0,0,0,0
1343,2,0,0,0,0,0,0,0,0,0,0,0
1344,1,1,0,0,0,0,0,0,0,0,0,0
1345,1,1,0,0,0,0,0,0,0,0,0,0
1346,1,1,0,0,0,0,0,0,0,0,0,0
1347,0,1,0,0,0,0,0,0,0,0,0,1
1348,1,1,0,0,0,0,0,0,0,0,0,0
1349,1,1,0,0,0,0,0,0,0,0,0,0
1350,1,1,0,0,0,0,0,0,0,0,0,0
1351,1,1,0,0,0,0,0,0,0,0,0,0
1352,1,1,0,0,0,0,0,0,0,0,0,0
1353,1,1,0,0,0,0,0,0,0,0,0,0
1354,1,1,0,0,0,0,0,0,0,0,0,0
1355,1,1,0,0,0,0,0,0,0,0,0,0
1356,1,1,0,0,0,0,0,0,0,0,0,0
1357,1,1,0,0,0,0,0,0,0,0,0,0
1358,1,1,0,0,0,0,0,0,0,0,0,0
1359,1,1,0,0,0,0,0,0,0,0,0,0
1360,1,1,0,0,0,0,0,0,0,0,0,0
1361,1,1,0,0,0,0,0,0,0,0,0,0
1362,1,1,0,0,0,0,0,0,0,0,0,0
1363,1,1,0,0,0,0,0,0,0,0,0,0
1364,1,1,0,0,0,0,0,0,0,0,0,0
1365,1,1,0,0,0,0,0,0,0,0,0,0
1366,0,2,0,0,0,0,0,0,0,0,0,0
1367,1,1,0,0,0,0,0,0,0,0,0,0
1368,1,1,0,0,0,0,0,0,0,0,0,0
1369,1,1,0,0,0,0,0,0,0,0,0,0
1370,1,1,0,0,0,0,0,0,0,0,0,0
1371,1,1,0,0,0,0,0,0,0,0,0,0
1372,1,1,0,0,0,0,0,0,0,0,0,0
1373,1,1,0,0,0,0,0,0,0,0,0,0
1374,1,1,0,0,0,0,0,0,0,0,0,0
1375,1,1,0,0,0,0,0,0,0,0,0,0
1376,1,1,0,0,0,0,0,0,0,0,0,0
1377,2,0,0,0,0,0,0,0,0,0,0,0
1378,1,1,0,0,0,0,0,0,0,0,0,0
1379,1,1,0,0,0,0,0,0,0,0,0,0
1380,2,0,0,0,0,0,0,0,0,0,0,0
1381,1,1,0,0,0,0,0,0,0,0,0,0
1382,1,1,0,0,0,0,0,0,0,0,0,0
1383,1,1,0,0,0,0,0,0,0,0,0,0
1384,1,1,0,0,0,0,0,0,0,0,0,0
1385,1,1,0,0,0,0,0,0,0,0,0,0
1386,1,1,0,0,0,0,0,0,0,0,0,0
1387,1,1,0,0,0,0,0,0,0,0,0,0
1388,1,1,0,0,0,0,0,0,0,0,0,0
1389,1,1,0,0,0,0,0,0,0,0,0,0
1390,1,1,0,0,0,0,0,0,0,0,0,0
1391,1,1,0,0,0,0,0,0,0,0,0,0
1392,1,1,0,0,0,0,0,0,0,0,0,0
1393,1,1,0,0,0,0,0,0,0,0,0,0
1394,1,1,0,0,0,0,0,0,0,0,0,0
1395,1,1,0,0,0,0,0,0,0,0,0,0
1396,1,1,0,0,0,0,0,0,0,0,0,0
1397,1,1,0,0,0,0,0,0,0,0,0,0
1398,1,1,0,0,0,0,0,0,0,0,0,0
1399,1,1,0,0,0,0,0,0,0,0,0,0
1400,1,1,0,0,0,0,0,0,0,0,0,0
1401,1,1,0,0,0,0,0,0,0,0,0,0
1402,1,1,0,0,0,0,0,0,0,0,0,0
1403,1,1,0,0,0,0,0,0,0,0,0,0
1404,2,0,0,0,0,0,0,0,0,0,0,0
1405,1,1,0,0,0,0,0,0,0,0,0,0
1406,1,1,0,0,0,0,0,0,0,0,0,0
1407,1,1,0,0,0,0,0,0,0,0,0,0
1408,1,1,0,0,0,0,0,0,0,0,0,0
1409,1,1,0,0,0,0,0,0,0,0,0,0
1410,1,1,0,0,0,0,0,0,0,0,0,0
1411,1,1,0,0,0,0,0,0,0,0,0,0
1412,1,1,0,0,0,0,0,0,0,0,0,0
1413,1,1,0,0,0,0,0,0,0,0,0,0
1414,1,1,0,0,0,0,0,0,0,0,0,0
1415,1,1,0,0,0,0,0,0,0,0,0,0
1416,1,1,0,0,0,0,0,0,0,0,0,0
1417,1,1,0,0,0,0,0,0,0,0,0,0
1418,1,0,1,0,0,0,0,0,0,0,0,0
1419,1,0,1,0,0,0,0,0,0,0,0,0
1420,1,0,1,0,0,0,0,0,0,0,0,0
1421,1,1,0,0,0,0,0,0,0,0,0,0
1422,1,1,0,0,0,0,0,0,0,0,0,0
1423,1,1,0,0,0,0,0,0,0,0,0,0
1424,1,1,0,0,0,0,0,0,0,0,0,0
1425,1,1,0,0,0,0,0,0,0,0,0,0
1426,1,1,0,0,0,0,0,0,0,0,0,0
1427,1,1,0,0,0,0,0,0,0,0,0,0
1428,1,1,0,0,0,0,0,0,0,0,0,0
1429,1,1,0,0,0,0,0,0,0,0,0,0
1430,1,1,0,0,0,0,0,0,0,0,0,0
1431,1,1,0,0,0,0,0,0,0,0,0,0
1432,1,1,0,0,0,0,0,0,0,0,0,0
1433,1,1,0,0,0,0,0,0,0,0,0,0
1434,1,1,0,0,0,0,0,0,0,0,0,0
1435,1,1,0,0,0,0,0,0,0,0,0,0
1436,1,1,0,0,0,0,0,0,0,0,0,0
1437,1,1,0,0,0,0,0,0,0,0,0,0
1438,1,1,0,0,0,0,0,0,0,0,0,0
1439,1,1,0,0,0,0,0,0,0,0,0,0
1440,1,1,0,0,0,0,0,0,0,0,0,0
1441,1,1,0,0,0,0,0,0,0,0,0,0
1442,1,1,0,0,0,0,0,0,0,0,0,0
1443,1,1,0,0,0,0,0,0,0,0,0,0
1444,1,1,0,0,0,0,0,0,0,0,0,0
1445,1,1,0,0,0,0,0,0,0,0,0,0
1446,1,1,0,0,0,0,0,0,0,0,0,0
1447,1,1,0,0,0,0,0,0,0,0,0,0
1448,1,1,0,0,0,0,0,0,0,0,0,0
1449,1,1,0,0,0,0,0,0,0,0,0,0
1450,1,1,0,0,0,0,0,0,0,0,0,0
1451,1,1,0,0,0,0,0,0,0,0,0,0
1452,1,1,0,0,0,0,0,0,0,0,0,0
1453,2,0,0,0,0,0,0,0,0,0,0,0
1454,2,0,0,0,0,0,0,0,0,0,0,0
1455,1,1,0,0,0,0,0,0,0,0,0,0
1456,1,1,0,0,0,0,0,0,0,0,0,0
1457,1,1,0,0,0,0,0,0,0,0,0,0
1458,1,1,0,0,0,0,0,0,0,0,0,0
1459,1,1,0,0,0,0,0,0,0,0,0,0
1460,1,1,0,0,0,0,0,0,0,0,0,0
1461,1,1,0,0,0,0,0,0,0,0,0,0
1462,1,1,0,0,0,0,0,0,0,0,0,0
1463,1,1,0,0,0,0,0,0,0,0,0,0
1464,1,1,0,0,0,0,0,0,0,0,0,0
1465,1,1,0,0,0,0,0,0,0,0,0,0
1466,0,2,0,0,0,0,0,0,0,0,0,0
1467,0,1,1,0,0,0,0,0,0,0,0,0
1468,1,1,0,0,0,0,0,0,0,0,0,0
1469,1,1,0,0,0,0,0,0,0,0,0,0
1470,1,1,0,0,0,0,0,0,0,0,0,0
1471,1,1,0,0,0,0,0,0,0,0,0,0
1472,1,1,0,0,0,0,0,0,0,0,0,0
1473,1,1,0,0,0,0,0,0,0,0,0,0
1474,2,0,0,0,0,0,0,0,0,0,0,0
1475,1,1,0,0,0,0,0,0,0,0,0,0
1476,1,1,0,0,0,0,0,0,0,0,0,0
